ID_Sim,TFIDF_Sim,Word_Len_Ratio,Char_Len_Ratio,Levenshtein_Sim,AST_Sim,Winnowing_Sim,Cyclomatic_Sim,Label
0.3333333333333333,0.9772885929743154,0.4153846153846154,0.827433628318584,0.8426150121065376,1.0000000000000002,0.7368421052631579,1.0,1
0.3333333333333333,0.9830125606199729,0.8709677419354839,0.8697674418604651,0.8507462686567164,1.0000000000000002,0.717948717948718,1.0,1
0.3333333333333333,0.9830125606199729,0.4153846153846154,0.7333333333333333,0.7782805429864253,1.0000000000000002,0.717948717948718,1.0,1
1.0,1.0000000000000002,1.0,1.0,1.0,1.0000000000000002,1.0,1.0,1
0.3333333333333333,0.9711899489564341,0.6923076923076923,0.8697674418604651,0.8656716417910448,1.0000000000000002,0.6829268292682927,1.0,1
0.3333333333333333,0.9772885929743154,0.5192307692307693,0.7991452991452992,0.8123515439429929,1.0000000000000002,0.6511627906976745,1.0,1
0.3333333333333333,0.9830125606199729,0.375,0.722007722007722,0.7713004484304933,1.0000000000000002,0.717948717948718,1.0,1
0.3333333333333333,0.9772885929743154,0.3375,0.7663934426229508,0.802784222737819,1.0000000000000002,0.6829268292682927,1.0,1
0.3333333333333333,0.9772885929743154,0.391304347826087,0.7727272727272727,0.8065268065268065,1.0000000000000002,0.7,1.0,1
0.3333333333333333,0.9772885929743154,0.4153846153846154,0.827433628318584,0.8329297820823245,1.0000000000000002,0.6829268292682927,1.0,1
0.3333333333333333,0.9830125606199729,0.4153846153846154,0.7333333333333333,0.7782805429864253,1.0000000000000002,0.717948717948718,1.0,1
0.3333333333333333,0.9772885929743154,0.39705882352941174,0.8025751072961373,0.8761904761904762,0.9878781981393473,0.40384615384615385,1.0,1
0.3333333333333333,0.9772885929743154,0.5192307692307693,0.8130434782608695,0.8201438848920863,1.0000000000000002,0.6829268292682927,1.0,1
0.3333333333333333,0.9772885929743154,0.375,0.7083333333333334,0.7627494456762749,1.0000000000000002,0.6666666666666666,1.0,1
0.3333333333333333,0.9772885929743154,1.0,0.8311111111111111,0.8349514563106796,1.0000000000000002,0.7368421052631579,1.0,1
0.3333333333333333,0.9830125606199729,0.4153846153846154,0.7333333333333333,0.7782805429864253,1.0000000000000002,0.717948717948718,1.0,1
0.3333333333333333,0.9711899489564341,0.84375,0.935,0.8992248062015504,1.0000000000000002,0.6829268292682927,1.0,1
0.3333333333333333,0.9772885929743154,0.5192307692307693,0.8130434782608695,0.8201438848920863,1.0000000000000002,0.6829268292682927,1.0,1
0.25,0.7265571234808555,0.35526315789473684,0.6515679442508711,0.7426160337552743,0.6434714616543669,0.24561403508771928,1.0,1
0.3333333333333333,0.9772885929743154,0.39705882352941174,0.8904761904761904,0.906801007556675,1.0000000000000002,0.7,1.0,1
0.25,0.9274528510591831,0.7941176470588235,0.6470588235294118,0.6638655462184874,0.9928914005737655,0.3793103448275862,1.0,1
0.25,0.3247597773274658,0.9,0.722007722007722,0.4977578475336323,0.882004591124917,0.25,1.0,1
0.25,0.9333680055910103,0.38028169014084506,0.6448275862068965,0.7211740041928721,0.9928914005737655,0.4,1.0,1
0.2,0.9066112139567295,0.627906976744186,0.6654804270462633,0.6623931623931624,0.6525649540923192,0.23529411764705882,1.0,1
0.25,0.9198454167244156,0.4576271186440678,0.6192052980132451,0.7075664621676891,0.9928914005737655,0.359375,1.0,1
0.2,0.6925787812101161,0.375,0.5067750677506775,0.618705035971223,0.6400988972558609,0.19480519480519481,1.0,1
0.2,0.33279156924859743,0.8181818181818182,0.8862559241706162,0.4824120603015075,0.6705747989432338,0.20588235294117646,0.5,1
0.2,0.5160794376703424,0.38571428571428573,0.8060344827586207,0.5155131264916468,0.6705747989432338,0.24615384615384617,0.5,1
0.25,0.5055884375618955,0.4090909090909091,0.8060344827586207,0.4582338902147971,0.7521961897951589,0.2054794520547945,0.5,1
0.25,0.520865908238749,0.421875,0.6404109589041096,0.6805845511482255,0.9928914005737655,0.20833333333333334,1.0,1
0.2,0.6179043053869471,0.34177215189873417,0.6951672862453532,0.5877192982456141,0.784288164058313,0.23684210526315788,0.5,1
0.2,0.33279156924859743,0.8181818181818182,0.8862559241706162,0.4824120603015075,0.6705747989432338,0.19117647058823528,0.5,1
0.2,0.5273210052889072,0.9629629629629629,0.9946524064171123,0.6595174262734584,0.5999601793215297,0.21621621621621623,0.5,1
0.2,0.5160794376703424,0.38571428571428573,0.8025751072961373,0.5142857142857142,0.6705747989432338,0.234375,0.5,1
0.2,0.3902027900278804,0.375,0.6338983050847458,0.4273858921161826,0.6372796085629718,0.19047619047619047,0.5,1
0.16666666666666666,0.47072026945417866,0.6585365853658537,0.9540816326530612,0.48041775456919056,0.5655382868828521,0.21428571428571427,0.5,1
0.25,0.520865908238749,0.421875,0.6404109589041096,0.6805845511482255,0.9928914005737655,0.20833333333333334,1.0,1
0.2,0.6179043053869471,0.34177215189873417,0.6951672862453532,0.5877192982456141,0.784288164058313,0.2236842105263158,0.5,1
0.2,0.44410221995842325,0.3176470588235294,0.6631205673758865,0.4818763326226013,0.6624377897850402,0.18421052631578946,0.5,1
0.16666666666666666,0.25857997345130096,0.35526315789473684,0.584375,0.4694280078895463,0.5582348835756936,0.13829787234042554,0.5,1
0.25,0.6161870727214958,0.42857142857142855,0.9197860962566845,0.5459610027855153,0.5460603034957225,0.3148148148148148,0.5,0
0.25,0.6161870727214958,0.8181818181818182,0.839572192513369,0.5755813953488372,0.5460603034957225,0.3148148148148148,0.5,0
0.25,0.6161870727214958,0.7714285714285715,0.8947368421052632,0.4949494949494949,0.5460603034957225,0.25,0.5,0
0.25,0.6161870727214958,0.47368421052631576,0.8021390374331551,0.5875370919881306,0.5460603034957225,0.3148148148148148,0.5,0
0.25,0.6161870727214958,0.7777777777777778,0.8288770053475936,0.5672514619883041,0.5460603034957225,0.3148148148148148,0.5,0
0.25,0.6161870727214958,0.84375,0.8288770053475936,0.5789473684210527,0.5460603034957225,0.3148148148148148,0.5,0
0.2,0.604321555671377,0.7105263157894737,0.9303482587064676,0.5309278350515464,0.4531209152827985,0.26785714285714285,0.5,0
0.25,0.6161870727214958,0.4153846153846154,0.839572192513369,0.5755813953488372,0.5460603034957225,0.3148148148148148,0.5,0
0.25,0.6161870727214958,0.421875,0.8502673796791443,0.5664739884393064,0.5460603034957225,0.3333333333333333,0.5,0
0.25,0.6241609859464179,0.6666666666666666,0.7700534759358288,0.5981873111782477,0.5460603034957225,0.3269230769230769,0.5,0
0.25,0.6161870727214958,0.8709677419354839,0.839572192513369,0.5755813953488372,0.5460603034957225,0.3148148148148148,0.5,0
0.25,0.6161870727214958,0.4090909090909091,0.8449197860962567,0.5739130434782609,0.5460603034957225,0.3148148148148148,0.5,0
0.3333333333333333,0.9772885929743154,0.5625,0.763265306122449,0.8055555555555556,1.0000000000000002,0.7,1.0,0
0.25,0.5175511451101915,0.9310344827586207,0.983957219251337,0.522911051212938,0.5460603034957225,0.25,0.5,0
0.25,0.6161870727214958,0.8181818181818182,0.7967914438502673,0.5892857142857143,0.5609421347208292,0.3018867924528302,0.5,0
0.75,0.9734286819029975,0.9577464788732394,0.974293059125964,0.953125,0.9964272219645984,0.762962962962963,1.0,1
0.75,0.9867850866094876,0.9861111111111112,0.844097995545657,0.857487922705314,1.0000000000000002,0.8888888888888888,1.0,1
0.75,0.9867850866094876,0.9342105263157895,0.740234375,0.7968574635241302,1.0000000000000002,0.8888888888888888,1.0,1
0.75,0.9823592202690801,0.6396396396396397,0.979328165374677,0.9843342036553525,1.0000000000000002,0.889763779527559,1.0,1
0.75,0.9823592202690801,0.9859154929577465,0.9546599496221663,0.9587628865979382,1.0000000000000002,0.875,1.0,1
0.75,0.9823592202690801,0.9861111111111112,0.8594104308390023,0.8463414634146341,1.0000000000000002,0.875,1.0,1
0.75,0.9867850866094876,0.6339285714285714,0.8348017621145375,0.8499399759903962,1.0000000000000002,0.8888888888888888,1.0,1
0.75,0.9823592202690801,0.5419847328244275,0.751984126984127,0.8086070215175538,1.0000000000000002,0.8818897637795275,1.0,1
0.75,0.9823592202690801,0.6761904761904762,0.8115631691648822,0.8392434988179669,1.0000000000000002,0.8888888888888888,1.0,1
0.16666666666666666,0.6008421138320656,0.9154929577464789,0.9002375296912114,0.775,1.0000000000000002,0.26344086021505375,1.0,1
0.16666666666666666,0.6464840420231368,0.9861111111111112,0.9066985645933014,0.7854454203262233,1.0000000000000002,0.31736526946107785,1.0,1
0.4,0.7829606307326266,0.9342105263157895,0.7330754352030948,0.7924107142857143,1.0000000000000002,0.5855263157894737,1.0,1
0.3333333333333333,0.7585856749013158,0.5419847328244275,0.5903426791277259,0.6209598432908913,0.9337909031119616,0.34134615384615385,1.0,1
0.07692307692307693,0.5279113988783392,0.971830985915493,0.9709762532981531,0.8406961178045516,1.0000000000000002,0.2,1.0,1
0.07692307692307693,0.5277735976589937,0.9861111111111112,0.959493670886076,0.7777777777777778,1.0000000000000002,0.28160919540229884,1.0,1
0.5555555555555556,0.841136015205494,0.6339285714285714,0.8348017621145375,0.8211284513805522,1.0000000000000002,0.6388888888888888,1.0,1
0.4,0.6387129463731116,0.5419847328244275,0.7718940936863544,0.7333333333333334,1.0000000000000002,0.30726256983240224,1.0,1
0.07692307692307693,0.5389855962709856,0.6513761467889908,0.8633257403189066,0.7677261613691931,1.0000000000000002,0.2677595628415301,1.0,1
0.16666666666666666,0.5464946031031933,0.9466666666666667,0.8239130434782609,0.7056019070321812,0.967963044809588,0.18719211822660098,1.0,1
0.16666666666666666,0.6211272331280904,0.922077922077922,0.7945492662473794,0.677570093457944,0.9153439427696244,0.18974358974358974,1.0,1
0.4,0.6697766170627126,0.9342105263157895,0.7945492662473794,0.719626168224299,0.8427862385100019,0.2696078431372549,1.0,1
0.75,0.9823592202690801,0.6454545454545455,0.974293059125964,0.9791666666666666,1.0000000000000002,0.889763779527559,1.0,1
0.07692307692307693,0.45047277995359497,1.0,0.9844155844155844,0.7879581151832461,0.9037961357986212,0.13592233009708737,1.0,1
0.07692307692307693,0.4110863583949682,0.9859154929577465,0.9570707070707071,0.7148387096774194,0.8611551128042196,0.2087912087912088,1.0,1
0.4,0.7829606307326266,0.6339285714285714,0.8115631691648822,0.7943262411347518,1.0000000000000002,0.4451219512195122,1.0,1
0.4,0.7414067739800868,0.5419847328244275,0.779835390946502,0.684393063583815,1.0000000000000002,0.24064171122994651,1.0,1
0.2727272727272727,0.6453342108373591,0.6513761467889908,0.758,0.7212741751990899,0.9709616876166559,0.26842105263157895,1.0,1
0.15384615384615385,0.4620288265006021,0.7473684210526316,0.573373676248109,0.55,0.9423608877392792,0.15079365079365079,1.0,1
0.25,0.6371152373848963,0.7553191489361702,0.5271210013908206,0.5027322404371585,0.8928213347587366,0.1423076923076923,1.0,1
0.36363636363636365,0.6551259660116683,0.8554216867469879,0.7097378277153558,0.6768893756845564,0.84016785419336,0.24537037037037038,1.0,1
0.16666666666666666,0.6482595161950895,0.5772357723577236,0.653448275862069,0.5901981230448383,0.9139803819163849,0.2796208530805687,1.0,1
0.14285714285714285,0.5008277020233334,0.8352941176470589,0.7766393442622951,0.5882352941176471,0.8915561488474212,0.08870967741935484,1.0,1
0.06666666666666667,0.4125914433950332,0.797752808988764,0.6348408710217756,0.5491803278688525,0.8757576167543071,0.168141592920354,1.0,1
0.3333333333333333,0.5621976887538165,0.5419847328244275,0.5315568022440392,0.5293040293040293,0.9303057052601124,0.23770491803278687,1.0,1
0.3333333333333333,0.5632389894439636,0.47333333333333333,0.5445402298850575,0.5134883720930232,0.9402138544486361,0.1411764705882353,1.0,1
0.3333333333333333,0.6375969931302177,0.5419847328244275,0.5353107344632768,0.546458141674333,0.9396608499953643,0.2719665271966527,1.0,1
0.15384615384615385,0.42303598218109223,0.7717391304347826,0.5875968992248062,0.537109375,0.8982325474878113,0.14173228346456693,1.0,1
0.25,0.6494814269448679,0.8452380952380952,0.5940438871473355,0.5290068829891839,0.8832589264490959,0.14056224899598393,1.0,1
0.36363636363636365,0.6551259660116683,0.8554216867469879,0.7097378277153558,0.6768893756845564,0.84016785419336,0.24537037037037038,1.0,1
0.18181818181818182,0.6769799664624268,0.6513761467889908,0.8029661016949152,0.6580493537015276,0.958020579383164,0.3259668508287293,1.0,1
0.14285714285714285,0.4850108395888372,0.8452380952380952,0.7928870292887029,0.5997666277712952,0.8732286675252722,0.09016393442622951,1.0,1
0.06666666666666667,0.4125914433950332,0.797752808988764,0.6348408710217756,0.5491803278688525,0.8757576167543071,0.168141592920354,1.0,1
0.3333333333333333,0.5201000128456756,0.5378787878787878,0.518467852257182,0.5117117117117117,0.9054808867796673,0.2248995983935743,1.0,1
0.25,0.6241739214449639,0.46405228758169936,0.5383522727272727,0.5004616805170822,0.9320547857115098,0.144,1.0,1
0.5,0.7571131385392719,0.5867768595041323,0.6285240464344942,0.680244399185336,0.9550134236372334,0.3711340206185567,1.0,1
0.14285714285714285,0.39770724069930463,0.6513761467889908,0.5107816711590296,0.49420160570918825,0.8693988933909489,0.13432835820895522,0.5,1
0.25,0.6494814269448679,0.8452380952380952,0.5940438871473355,0.5290068829891839,0.8832589264490959,0.14056224899598393,1.0,1
0.36363636363636365,0.6551259660116683,0.8554216867469879,0.7097378277153558,0.6768893756845564,0.84016785419336,0.24537037037037038,1.0,1
0.2,0.6768351700726024,0.7395833333333334,0.9472295514511874,0.7398373983739837,0.9552081426205223,0.3782051282051282,1.0,1
0.14285714285714285,0.4926017233724569,0.8554216867469879,0.7703252032520326,0.5855338691159586,0.8477559878819771,0.08870967741935484,1.0,1
0.06666666666666667,0.4512939048815626,0.8160919540229885,0.6202945990180033,0.5515151515151515,0.9371906188872882,0.1630901287553648,1.0,1
0.3333333333333333,0.5401866033416657,0.5419847328244275,0.5156462585034014,0.5080789946140036,0.9016189529494122,0.22134387351778656,1.0,1
0.16666666666666666,0.585282300398835,0.4863013698630137,0.5716440422322775,0.5047984644913628,0.9201656303674416,0.132,1.0,1
0.18181818181818182,0.5054122682400337,0.6396396396396397,0.7504950495049505,0.6402714932126696,0.9104733426527001,0.1574074074074074,1.0,1
0.5555555555555556,0.8285543694539078,0.7029702970297029,0.7564870259481038,0.7659090909090909,0.9871689335383379,0.5063291139240507,1.0,0
0.09090909090909091,0.49987559147767213,0.9154929577464789,0.9023746701846965,0.6574202496532593,0.9552160367492564,0.23121387283236994,1.0,0
0.5555555555555556,0.836415914503859,0.8875,0.8029661016949152,0.7967097532314924,1.0000000000000002,0.4327485380116959,1.0,0
0.45454545454545453,0.6895189718080358,0.6698113207547169,0.6696113074204947,0.7068783068783069,0.965946678498493,0.35294117647058826,1.0,0
0.07692307692307693,0.2946831633845225,0.7183098591549296,0.7846790890269151,0.5870069605568445,0.9013901179172867,0.18867924528301888,1.0,0
0.4,0.5891765090243233,0.9726027397260274,0.8917647058823529,0.7960199004975125,0.980685447587452,0.3742690058479532,1.0,0
0.5555555555555556,0.8051570515003152,0.9295774647887324,0.8875878220140515,0.7220843672456576,1.0000000000000002,0.30726256983240224,1.0,0
0.5555555555555556,0.7813567278253503,0.7171717171717171,0.8536036036036037,0.7897934386391252,0.9951573565277039,0.453416149068323,1.0,0
0.45454545454545453,0.6630273508806979,0.6068376068376068,0.5987361769352291,0.6699604743083004,0.9743102625985617,0.31390134529147984,1.0,0
0.4444444444444444,0.7462619963174267,0.5915492957746479,0.9643765903307888,0.7253886010362695,0.9909924304103234,0.3468208092485549,1.0,0
0.45454545454545453,0.6578478358729561,0.8658536585365854,0.6093247588424437,0.6373626373626373,0.8986570588772429,0.148,1.0,0
0.5555555555555556,0.836415914503859,0.696078431372549,0.8896713615023474,0.8496894409937888,1.0000000000000002,0.6197183098591549,1.0,0
0.5555555555555556,0.7909088026153892,0.8452380952380952,0.8115631691648822,0.7446808510638299,0.8611551128042196,0.3388888888888889,1.0,0
0.16666666666666666,0.5151028603286929,0.9154929577464789,0.6804308797127468,0.5833333333333333,0.9371176518630926,0.18025751072961374,1.0,0
0.5555555555555556,0.7909088026153892,0.8987341772151899,0.8478747203579419,0.7675544794188862,0.8611551128042196,0.32044198895027626,1.0,0
0.7777777777777778,0.9939771928667949,0.8727272727272727,0.8057644110275689,0.813324080499653,0.9796258437897847,0.6350710900473934,1.0,1
0.7777777777777778,0.9954723768646807,0.9565217391304348,0.7860635696821516,0.8035592060232717,1.0,0.9252873563218391,1.0,1
0.7777777777777778,0.9954723768646807,0.9166666666666666,0.7390804597701149,0.7812293456708526,0.9796258437897847,0.6320754716981132,1.0,1
0.7777777777777778,0.990891704954704,0.8,0.9860031104199067,0.9490994518402506,1.0,0.848314606741573,1.0,1
0.7777777777777778,0.9939771928667949,0.9545454545454546,0.8088050314465409,0.8108484005563282,0.9796258437897847,0.6232558139534884,1.0,1
0.7777777777777778,0.9954723768646807,0.6962025316455697,0.7709832134292566,0.7935003385240352,0.9796258437897847,0.6320754716981132,1.0,1
0.7777777777777778,0.9939771928667949,0.88,0.8427260812581914,0.8321479374110953,1.0,0.92,1.0,1
0.7777777777777778,0.9939771928667949,0.7801418439716312,0.7682198327359617,0.7945945945945946,0.9796258437897847,0.6320754716981132,1.0,1
0.23076923076923078,0.8108427993671768,0.8727272727272727,0.8307493540051679,0.7522935779816513,0.9796258437897847,0.1935483870967742,1.0,1
0.14285714285714285,0.7954476336851877,0.9565217391304348,0.7636579572446556,0.7636363636363637,1.0,0.42616033755274263,1.0,1
0.3333333333333333,0.8983738292647763,0.9166666666666666,0.7331812998859749,0.7776315789473685,0.9796258437897847,0.38735177865612647,1.0,1
0.6363636363636364,0.920439588512647,0.6077348066298343,0.6054613935969868,0.6287390029325512,0.9504732569993268,0.3660130718954248,1.0,1
0.3333333333333333,0.9205867734049471,0.8,0.973561430793157,0.91725768321513,1.0,0.514018691588785,1.0,1
0.14285714285714285,0.796612795740526,0.9821428571428571,0.8307493540051679,0.7579393083980239,0.9796258437897847,0.27307692307692305,1.0,1
0.6,0.9717541458403933,0.6962025316455697,0.7728365384615384,0.783728813559322,0.9796258437897847,0.508695652173913,1.0,1
0.06666666666666667,0.6796312738591412,0.88,0.8527851458885941,0.7587687902648532,1.0,0.2669172932330827,1.0,1
0.3333333333333333,0.8540538483803918,0.873015873015873,0.8584779706275033,0.7931034482758621,1.0,0.43859649122807015,1.0,1
0.23076923076923078,0.7778911410309476,0.9821428571428571,0.7348571428571429,0.6653491436100132,0.9503905061132178,0.12302839116719243,1.0,1
0.14285714285714285,0.7954476336851877,0.9565217391304348,0.7618483412322274,0.7491593813046402,1.0,0.42616033755274263,1.0,1
0.7777777777777778,0.9939771928667949,0.738255033557047,0.9712990936555891,0.9762452107279693,1.0,0.92,1.0,1
0.3333333333333333,0.8831367627652533,0.8454545454545455,0.9568452380952381,0.84106463878327,0.9560775549991791,0.3900414937759336,1.0,1
0.14285714285714285,0.7422602217648399,0.990909090909091,0.832901554404145,0.719434628975265,0.9170260861134786,0.20938628158844766,1.0,1
0.6,0.9549914392764257,0.6748466257668712,0.7027322404371584,0.7047496790757382,0.941757014926565,0.296028880866426,1.0,1
0.06666666666666667,0.6796312738591412,0.88,0.8539176626826029,0.7292263610315186,1.0,0.21352313167259787,1.0,1
0.3333333333333333,0.8281020093129072,0.7913669064748201,0.7600472813238771,0.7051712558764271,0.941757014926565,0.16501650165016502,1.0,1
0.14285714285714285,0.5439147130371638,0.9482758620689655,0.6534552845528455,0.5519360786724032,0.9532177108498846,0.08262108262108261,1.0,1
0.11764705882352941,0.8130335826699598,0.8088235294117647,0.5601045296167247,0.41987716359575655,0.9544456217526363,0.3177570093457944,1.0,1
0.3076923076923077,0.8165091110726425,0.88,0.6847710330138446,0.706700379266751,0.9099269348300207,0.23178807947019867,1.0,1
0.5454545454545454,0.8600749040285396,0.6077348066298343,0.6043233082706767,0.6022261277094317,0.9419337991185751,0.310126582278481,1.0,1
0.2857142857142857,0.7724284009902258,0.9734513274336283,0.7600472813238771,0.6863666890530558,0.9324928582843776,0.2966666666666667,1.0,1
0.125,0.7013143174256699,0.8661417322834646,0.6697916666666667,0.6275733000623831,0.9181329883840447,0.16167664670658682,1.0,1
0.5454545454545454,0.8945793343776,0.6432748538011696,0.6328740157480315,0.6100060277275468,0.9128651740640733,0.24758842443729903,1.0,1
0.058823529411764705,0.8016378074233227,0.7692307692307693,0.6725941422594143,0.6566604127579737,0.9815418923351112,0.2191358024691358,1.0,1
0.13333333333333333,0.812312432659482,0.7096774193548387,0.6328740157480315,0.6401446654611211,0.9364386445401958,0.2138364779874214,1.0,1
0.14285714285714285,0.5275627392320558,1.0,0.7058177826564215,0.5778635778635779,0.932067600735811,0.08529411764705883,1.0,1
0.11764705882352941,0.8121754284961499,0.8270676691729323,0.5327257663628832,0.40648648648648644,0.9127788037150171,0.21787709497206703,1.0,1
0.3076923076923077,0.8165091110726425,0.8943089430894309,0.6833156216790648,0.6944444444444444,0.9099269348300207,0.2185430463576159,1.0,1
0.5,0.9097640687152464,0.5945945945945946,0.584014532243415,0.4415137614678899,0.9429675928230447,0.3170731707317073,1.0,1
0.2857142857142857,0.7633830597999228,0.9636363636363636,0.7908979089790897,0.6964285714285714,0.9320742981189881,0.28807947019867547,1.0,1
0.125,0.7013143174256699,0.8661417322834646,0.6697916666666667,0.6275733000623831,0.9181329883840447,0.16167664670658682,1.0,1
0.5454545454545454,0.8945793343776,0.6432748538011696,0.6328740157480315,0.6100060277275468,0.9128651740640733,0.24758842443729903,1.0,1
0.06666666666666667,0.8200002523860809,0.8148148148148148,0.7184357541899441,0.6762028608582575,0.98110945451161,0.22330097087378642,1.0,1
0.3333333333333333,0.8664922869090986,0.7857142857142857,0.7200447928331467,0.6796875,0.9591214764167911,0.2852112676056338,1.0,1
0.14285714285714285,0.46437742083150063,0.9166666666666666,0.6622039134912462,0.5551425030978934,0.9330151348993534,0.08238636363636363,1.0,1
0.11764705882352941,0.8028520363796975,0.7971014492753623,0.5206477732793522,0.3982960596379127,0.9303492345902071,0.14248704663212436,0.8,1
0.3076923076923077,0.8165091110726425,0.8943089430894309,0.6833156216790648,0.6944444444444444,0.9099269348300207,0.2185430463576159,1.0,1
0.4166666666666667,0.7056250558682563,0.5851063829787234,0.5829555757026292,0.4444444444444444,0.8900825247378661,0.26646706586826346,1.0,1
0.2857142857142857,0.7633830597999228,0.9090909090909091,0.7948084054388134,0.6735537190082644,0.9320742981189881,0.22857142857142856,1.0,1
0.125,0.6524167549052903,0.8396946564885496,0.6481854838709677,0.6091743119266055,0.9279876839255748,0.15451895043731778,1.0,1
0.5454545454545454,0.8913983645594267,0.6547619047619048,0.6372646184340932,0.612590799031477,0.9102074804963428,0.2043343653250774,1.0,1
0.0625,0.7968305001663158,0.7284768211920529,0.6804232804232804,0.6171284634760705,0.9612545879071065,0.12389380530973451,1.0,1
0.21428571428571427,0.6453232434926935,0.7284768211920529,0.6554536187563711,0.6206896551724138,0.9638415620828016,0.1592920353982301,1.0,1
0.6,0.7655788741155085,0.8661417322834646,0.8494055482166446,0.7042857142857143,0.9845885627555665,0.3252032520325203,1.0,0
0.14285714285714285,0.6824926927646274,0.6909090909090909,0.8808219178082192,0.6642388929351785,0.9756398956723991,0.175,0.8,0
0.6,0.7798146282032806,0.8363636363636363,0.7746987951807229,0.680244399185336,0.9758971379319428,0.29850746268656714,0.8,0
0.6,0.9338117039355396,0.8461538461538461,0.7977667493796526,0.7729468599033816,0.9777275204496129,0.4411764705882353,1.0,0
0.15384615384615385,0.736126314419581,0.7454545454545455,0.894297635605007,0.6681350954478708,0.9658098433540946,0.17689530685920576,0.8,0
0.6,0.8968063791585638,0.9181818181818182,0.8449408672798949,0.801994301994302,0.9796258437897847,0.4430379746835443,1.0,0
0.6,0.8951058048488311,0.8181818181818182,0.7709832134292566,0.7285037237643872,0.9777275204496129,0.43568464730290457,1.0,0
0.6,0.8875256096482128,0.9322033898305084,0.8630872483221477,0.770893371757925,0.9749273783270063,0.3464566929133858,1.0,0
0.6,0.8935457016994179,0.7586206896551724,0.7879901960784313,0.7731322823851954,0.9777275204496129,0.4393305439330544,1.0,0
0.6,0.8120508511275755,0.5727272727272728,0.8930555555555556,0.7292736610418196,0.9936259513118265,0.44155844155844154,1.0,0
0.6,0.8516355109241491,0.990909090909091,0.7433526011560694,0.7108753315649867,0.9250363468936729,0.24731182795698925,0.8,0
0.6,0.8935457016994179,0.7482993197278912,0.7879901960784313,0.7758738862234407,0.9777275204496129,0.43388429752066116,1.0,0
0.6,0.8681277526783677,0.8818181818181818,0.8318240620957309,0.7401129943502824,0.9317648270030389,0.3684210526315789,1.0,0
0.6,0.8874026128611676,0.7727272727272727,0.8180661577608143,0.7669699090272918,0.9932561276144615,0.537117903930131,1.0,0
0.6,0.8681277526783677,0.8727272727272727,0.8482849604221636,0.7494646680942184,0.9317648270030389,0.3699186991869919,1.0,0
0.5,0.9709404557940785,0.8888888888888888,0.800711743772242,0.7944664031620553,1.0000000000000002,0.84375,1.0,1
0.5,0.9783057094069966,0.9230769230769231,0.7120253164556962,0.7467652495378928,1.0000000000000002,0.8307692307692308,1.0,1
0.5,0.9783057094069966,0.8780487804878049,0.7377049180327869,0.7622641509433963,1.0000000000000002,0.8307692307692308,1.0,1
0.5,0.9709404557940785,0.48,0.9615384615384616,0.9673202614379085,1.0000000000000002,0.8333333333333334,1.0,1
0.5,0.921885783651363,0.8780487804878049,0.9146341463414634,0.89171974522293,0.9905467641308949,0.7605633802816901,1.0,1
0.5,0.9189971426997888,0.8780487804878049,0.7328990228013029,0.7481203007518797,0.9905467641308949,0.675,1.0,1
0.5,0.9783057094069966,0.4090909090909091,0.7475083056478405,0.7642585551330798,1.0000000000000002,0.8307692307692308,1.0,1
0.5,0.9709404557940785,0.47368421052631576,0.7401315789473685,0.7637051039697542,1.0000000000000002,0.8307692307692308,1.0,1
0.5,0.9709404557940785,0.5142857142857142,0.7601351351351351,0.7715930902111324,1.0000000000000002,0.8181818181818182,1.0,1
0.2,0.44392166870339134,0.8888888888888888,0.8302583025830258,0.7701612903225806,1.0000000000000002,0.36470588235294116,1.0,1
0.2,0.4522472302916493,0.9230769230769231,0.7785467128027682,0.7431906614785992,1.0000000000000002,0.37349397590361444,1.0,1
0.2,0.4522472302916493,0.8780487804878049,0.75,0.7504761904761905,1.0000000000000002,0.4024390243902439,1.0,1
0.4,0.8865516737417795,0.42857142857142855,0.6676557863501483,0.47686832740213525,0.9478533800260385,0.375,1.0,1
0.2,0.5989812424293935,0.8780487804878049,0.995575221238938,0.8425720620842572,0.9905467641308949,0.33707865168539325,1.0,1
0.2,0.4260703627782348,0.8780487804878049,0.7679180887372014,0.7297297297297297,0.9905467641308949,0.31958762886597936,1.0,1
0.2,0.4522472302916493,0.4090909090909091,0.7475083056478405,0.6692015209125475,1.0000000000000002,0.33707865168539325,1.0,1
0.2,0.44392166870339134,0.45569620253164556,0.6880733944954128,0.6594202898550725,1.0000000000000002,0.30303030303030304,1.0,1
0.2,0.44392166870339134,0.4931506849315068,0.800711743772242,0.7588932806324111,1.0000000000000002,0.36470588235294116,1.0,1
0.2,0.3994169287331667,1.0,0.7575757575757576,0.7203065134099618,0.9886377402297936,0.25842696629213485,1.0,1
0.2,0.4522472302916493,0.9230769230769231,0.7627118644067796,0.6961538461538461,1.0000000000000002,0.25555555555555554,1.0,1
0.2,0.4522472302916493,0.8780487804878049,0.75,0.7085714285714286,1.0000000000000002,0.26373626373626374,1.0,1
0.4,0.9083625378999644,0.43373493975903615,0.6198347107438017,0.4931972789115646,0.984933628581465,0.4583333333333333,1.0,1
0.2,0.5989812424293935,0.8780487804878049,0.982532751091703,0.7929515418502202,0.9905467641308949,0.24468085106382978,1.0,1
0.2,0.38626507582560277,0.8571428571428571,0.7352941176470589,0.711864406779661,0.9784419886914135,0.3163265306122449,1.0,1
0.2,0.40733367306390444,0.4044943820224719,0.7120253164556962,0.6395563770794824,0.9862689579992295,0.23232323232323232,1.0,1
0.2,0.44392166870339134,0.45569620253164556,0.6880733944954128,0.6304347826086957,1.0000000000000002,0.2169811320754717,1.0,1
0.2,0.44392166870339134,0.5070422535211268,0.7627118644067796,0.7115384615384616,1.0000000000000002,0.2608695652173913,1.0,1
0.16666666666666666,0.37644984877482945,0.8780487804878049,0.625,0.46495726495726497,0.984933628581465,0.22330097087378642,1.0,1
0.16666666666666666,0.38342038169585774,0.7659574468085106,0.6147540983606558,0.44331641285956,0.984933628581465,0.21100917431192662,1.0,1
0.16666666666666666,0.4118765568051477,0.72,0.6,0.64,0.9611844672495755,0.21052631578947367,1.0,1
0.4,0.898983025620375,0.46153846153846156,0.665680473372781,0.5293072824156306,0.9340679311145932,0.3465346534653465,1.0,1
0.16666666666666666,0.5514695330155551,0.75,0.7978723404255319,0.5167652859960552,0.9779088782546188,0.20909090909090908,1.0,1
0.16666666666666666,0.36757461033979205,0.8,0.6147540983606558,0.6362098138747885,0.9710323211926217,0.28703703703703703,1.0,1
0.16666666666666666,0.3526500542503509,0.375,0.5136986301369864,0.5339366515837104,0.9707596930865333,0.184,1.0,1
0.16666666666666666,0.5963804137361561,0.41379310344827586,0.5148741418764302,0.5196374622356495,0.966849855192005,0.16666666666666666,1.0,1
0.16666666666666666,0.4300760340788258,0.4675324675324675,0.6147540983606558,0.6531302876480541,0.9902034863871602,0.2912621359223301,1.0,1
0.14285714285714285,0.399621574260984,0.7346938775510204,0.6016042780748663,0.4540901502504173,0.9518369528106444,0.205607476635514,1.0,1
0.14285714285714285,0.40684338198076436,0.8,0.6,0.43999999999999995,0.9518369528106444,0.19298245614035087,1.0,1
0.14285714285714285,0.438238403848741,0.6545454545454545,0.569620253164557,0.5967741935483871,0.9388791741725098,0.19327731092436976,1.0,1
0.4,0.8840943214689418,0.45569620253164556,0.6484149855907781,0.5979020979020979,0.9086789575270053,0.25892857142857145,1.0,1
0.14285714285714285,0.5242092568705564,0.8,0.800711743772242,0.5256916996047432,0.932815307914272,0.19469026548672566,1.0,1
0.14285714285714285,0.45324685837372414,0.8571428571428571,0.6267409470752089,0.589041095890411,0.9268859565693431,0.26126126126126126,1.0,1
0.16666666666666666,0.29281891536222804,0.3711340206185567,0.5148741418764302,0.5105740181268883,0.918324020257094,0.16666666666666666,1.0,1
0.16666666666666666,0.7606585915754289,0.4090909090909091,0.587467362924282,0.569078947368421,0.9179236813852893,0.24545454545454545,1.0,1
0.16666666666666666,0.41600348513312463,0.48,0.7305194805194806,0.649155722326454,0.9385159141027883,0.26666666666666666,1.0,1
0.14285714285714285,0.399621574260984,0.7346938775510204,0.6016042780748663,0.4540901502504173,0.9518369528106444,0.19444444444444445,1.0,1
0.16666666666666666,0.5828026862105848,0.9230769230769231,0.7234726688102894,0.48880597014925375,0.9478533800260385,0.28125,1.0,1
0.14285714285714285,0.438238403848741,0.6545454545454545,0.5710659898477157,0.5912762520193862,0.9388791741725098,0.18487394957983194,1.0,1
0.2,0.8006870602184233,0.45,0.598404255319149,0.4392678868552413,0.9188544934436874,0.3490566037735849,1.0,1
0.2,0.45179217482045797,0.9473684210526315,0.8823529411764706,0.5125,0.9355125550016355,0.1981981981981982,1.0,1
0.14285714285714285,0.5027051312011694,0.9,0.6032171581769437,0.5418060200668897,0.9111496138488355,0.23275862068965517,1.0,1
0.16666666666666666,0.27224130000250585,0.3564356435643564,0.5033557046979866,0.5029761904761905,0.9070202811106874,0.16030534351145037,1.0,1
0.125,0.5758415695313279,0.3711340206185567,0.45,0.48275862068965514,0.9119434196165518,0.17880794701986755,1.0,1
0.16666666666666666,0.317902148501715,0.45569620253164556,0.5905511811023622,0.4455445544554455,0.9581354486569188,0.18487394957983194,1.0,1
0.2,0.5986627362535344,0.5294117647058824,0.8555133079847909,0.6147540983606558,0.9382439880563531,0.23076923076923078,1.0,0
0.2,0.5417623578233961,0.631578947368421,0.6965944272445821,0.583941605839416,0.9170605373341453,0.2268041237113402,0.6666666666666666,0
0.2,0.5647024628007239,0.9,0.9183673469387755,0.6,0.9229467674771955,0.21649484536082475,1.0,0
0.2,0.600429629967144,0.5373134328358209,0.9375,0.6408602150537634,0.9293759322750472,0.21875,1.0,0
0.2,0.4993495098512941,0.9444444444444444,0.665680473372781,0.5435168738898757,0.9129506247885227,0.205607476635514,0.6666666666666666,0
0.14285714285714285,0.3655700788585916,0.75,0.7165605095541401,0.5417439703153989,0.8758327534719376,0.1206896551724138,1.0,0
0.3333333333333333,0.785286275101401,0.8,0.6716417910447762,0.5428571428571429,0.9383409707334213,0.1926605504587156,1.0,0
0.2,0.5963655674576926,0.5454545454545454,0.9155555555555556,0.6635730858468678,0.9156275983676604,0.23863636363636365,1.0,0
0.2,0.5647024628007239,0.5217391304347826,0.9111111111111111,0.6883720930232557,0.9229467674771955,0.25301204819277107,1.0,0
0.2,0.5737853343473048,0.5277777777777778,0.8488888888888889,0.6538461538461539,0.9229467674771955,0.25609756097560976,1.0,0
0.16666666666666666,0.4264942917113582,0.8372093023255814,0.7401315789473685,0.6011342155009451,0.9034133560505816,0.1349206349206349,1.0,0
0.2,0.5380976678597047,0.2608695652173913,0.3103448275862069,0.38526315789473686,0.7633970770587843,0.07614213197969544,0.5,0
0.16666666666666666,0.49958451359863587,0.782608695652174,0.9656652360515021,0.6244541484716157,0.9159750656201295,0.17204301075268819,1.0,0
0.14285714285714285,0.3449312694095448,0.7659574468085106,0.5921052631578947,0.47933884297520657,0.8946044650379513,0.11278195488721804,0.6666666666666666,0
0.16666666666666666,0.49958451359863587,0.8780487804878049,0.9868421052631579,0.6357615894039735,0.9159750656201295,0.17204301075268819,1.0,0
0.7142857142857143,0.9861841050471611,1.0,0.7414448669201521,0.7838427947598253,1.0000000000000007,0.921875,1.0,1
0.7142857142857143,0.9896384063105202,0.896551724137931,0.7738095238095238,0.8008948545861297,1.0000000000000007,0.9147286821705426,1.0,1
0.7142857142857143,0.9896384063105202,0.896551724137931,0.7514450867052023,0.7920792079207921,1.0000000000000007,0.9147286821705426,1.0,1
0.5714285714285714,0.9372135615137337,0.6265060240963856,0.9774436090225563,0.770595690747782,0.9903358274221193,0.6592592592592592,1.0,1
0.7142857142857143,0.9698031495056499,0.896551724137931,0.9241706161137441,0.9310344827586207,0.9954164450849262,0.8740740740740741,1.0,1
0.7142857142857143,0.97206152454949,0.7536231884057971,0.7330827067669173,0.7809110629067245,0.9954164450849262,0.8428571428571429,1.0,1
0.7142857142857143,0.9896384063105202,0.49056603773584906,0.7926829268292683,0.8140589569160998,1.0000000000000007,0.9147286821705426,1.0,1
0.7142857142857143,0.9861841050471611,0.49523809523809526,0.7317073170731707,0.7778981581798483,1.0000000000000007,0.9076923076923077,1.0,1
0.7142857142857143,0.9861841050471611,0.5652173913043478,0.8108108108108109,0.8243398392652124,1.0000000000000007,0.9076923076923077,1.0,1
0.2,0.42302619004764425,1.0,0.7722772277227723,0.688268156424581,1.0000000000000007,0.3111111111111111,1.0,1
0.2,0.42696201741037315,0.896551724137931,0.8387096774193549,0.7274853801169591,1.0000000000000007,0.3045977011494253,1.0,1
0.5,0.936303514089802,0.896551724137931,0.7572815533980582,0.7646408839779005,1.0000000000000007,0.6758620689655173,1.0,1
0.2,0.4921266912362098,0.896551724137931,0.9923664122137404,0.855683269476373,0.9954164450849262,0.2903225806451613,1.0,1
0.2,0.4599878295431678,0.7536231884057971,0.7942973523421588,0.619750283768445,0.9584736120467389,0.15865384615384615,1.0,1
0.5,0.4862026756529368,0.49056603773584906,0.8041237113402062,0.7405714285714285,1.0000000000000007,0.38285714285714284,1.0,1
0.09090909090909091,0.3843165827335344,0.48598130841121495,0.7330827067669173,0.6290672451193058,0.9584736120467389,0.18932038834951456,1.0,1
0.09090909090909091,0.4048984332036741,0.5652173913043478,0.8590308370044053,0.6824644549763033,1.0000000000000007,0.234375,1.0,1
0.2,0.3863363257462991,0.8813559322033898,0.7090909090909091,0.6425531914893616,0.9820569242903244,0.24607329842931938,1.0,1
0.2,0.39009698924728964,0.8666666666666667,0.7862903225806451,0.654627539503386,0.9820569242903244,0.20103092783505155,1.0,1
0.5,0.936303514089802,0.896551724137931,0.7572815533980582,0.7248618784530387,1.0000000000000007,0.5414012738853503,1.0,1
0.7142857142857143,0.9861841050471611,0.5714285714285714,0.874439461883408,0.5167464114832536,1.0000000000000007,0.8248175182481752,1.0,1
0.2,0.4921266912362098,0.896551724137931,0.9774436090225563,0.4968314321926489,0.9954164450849262,0.2804232804232804,1.0,1
0.2,0.45072351976838215,0.7323943661971831,0.7471264367816092,0.6030701754385965,0.9355040532604864,0.15714285714285714,1.0,1
0.5,0.45250367571628336,0.48598130841121495,0.78,0.7213483146067416,0.9954417089877546,0.31891891891891894,1.0,1
0.09090909090909091,0.3843165827335344,0.48598130841121495,0.7330827067669173,0.5726681127982647,0.9584736120467389,0.13488372093023257,1.0,1
0.3333333333333333,0.8272090818141505,0.5306122448979592,0.7558139534883721,0.6909492273730684,0.9839702255114579,0.3425414364640884,1.0,1
0.2222222222222222,0.416640236059776,0.9807692307692307,0.8125,0.6252873563218391,0.9723335949339622,0.25842696629213485,1.0,1
0.3,0.45664429855291266,0.8387096774193549,0.7303370786516854,0.5541125541125541,0.9829555777433816,0.18357487922705315,1.0,1
0.5714285714285714,0.9424230586307697,0.9811320754716981,0.9198113207547169,0.6977886977886978,0.98163459809746,0.41975308641975306,1.0,1
0.5714285714285714,0.9383500215237326,0.6582278481012658,0.9375,0.5930521091811414,0.9600470713924567,0.42592592592592593,1.0,1
0.3,0.5258082228956213,0.8,0.87248322147651,0.48506571087216244,0.9901660426333054,0.30569948186528495,1.0,1
0.2222222222222222,0.4739988398774309,0.8666666666666667,0.9420289855072463,0.5472636815920398,0.9278548392297788,0.15675675675675677,1.0,1
0.375,0.4684216907871029,0.5652173913043478,0.935251798561151,0.6864931846344486,0.9886806584892822,0.2784090909090909,1.0,1
0.1,0.41573474971356045,0.5252525252525253,0.87248322147651,0.5185185185185186,0.9567439103409101,0.116751269035533,1.0,1
0.2222222222222222,0.7970463509766395,0.6190476190476191,0.8571428571428571,0.6272189349112426,0.9778662135127479,0.22631578947368422,1.0,1
0.2222222222222222,0.4035781468873567,0.8653846153846154,0.8423326133909287,0.6283704572098476,0.9666942725566788,0.26436781609195403,1.0,1
0.3,0.4447100548185276,0.8,0.7155963302752294,0.5176470588235293,0.9261220480764151,0.14678899082568808,1.0,1
0.5,0.9309027991306871,0.896551724137931,0.8904109589041096,0.6835748792270531,0.9612065026073476,0.3567251461988304,1.0,1
0.5714285714285714,0.9307486848638553,0.65,0.9241706161137441,0.6305418719211823,0.9497363105765204,0.3409090909090909,1.0,1
0.3,0.5465395586517117,0.896551724137931,0.8924485125858124,0.48125755743651755,0.9734583860936794,0.29743589743589743,1.0,1
0.18181818181818182,0.4501772519954701,0.7428571428571429,0.7142857142857143,0.5726495726495726,0.9003901177448385,0.1461187214611872,1.0,1
0.375,0.39197696881088195,0.5473684210526316,0.9330143540669856,0.6584158415841583,0.957681538467307,0.2752808988764045,1.0,1
0.1111111111111111,0.4148755457525359,0.5652173913043478,0.935251798561151,0.5278810408921932,0.9516961839559619,0.11855670103092783,1.0,1
0.1,0.360302913445335,0.5591397849462365,0.9069767441860465,0.5292682926829269,0.9222703375791286,0.1262135922330097,1.0,1
0.2222222222222222,0.371929576787314,0.9038461538461539,0.7910750507099391,0.609286523216308,0.9544921684990779,0.24043715846994534,0.6666666666666666,1
0.2727272727272727,0.4350908020390843,0.8387096774193549,0.6712564543889845,0.49433573635427397,0.9309340189825599,0.13793103448275862,1.0,1
0.5,0.9234538824633902,0.896551724137931,0.8823529411764706,0.6802884615384616,0.9612065026073476,0.35260115606936415,1.0,1
0.5714285714285714,0.93428395202058,0.6666666666666666,0.8783783783783784,0.539568345323741,0.967326576851113,0.4567901234567901,1.0,1
0.3333333333333333,0.5287307454653983,0.9629629629629629,0.9006928406466512,0.5370595382746051,0.9457162425203665,0.20853080568720378,1.0,1
0.16666666666666666,0.4102599151732783,0.6265060240963856,0.5371900826446281,0.4767025089605734,0.9025320453811052,0.11654135338345864,0.6666666666666666,1
0.375,0.39197696881088195,0.5473684210526316,0.935251798561151,0.6592317224287485,0.957681538467307,0.2752808988764045,1.0,1
0.1,0.4275581888865919,0.6341463414634146,0.9461538461538461,0.5270092226613965,0.9087227071544389,0.1116751269035533,1.0,1
0.2,0.34716731598132045,0.5652173913043478,0.7738095238095238,0.5794183445190156,0.9337364436658556,0.16279069767441862,1.0,1
0.375,0.8783879057496209,0.6190476190476191,0.8441558441558441,0.6314553990610329,0.9520652505091143,0.2594594594594595,1.0,0
0.18181818181818182,0.6577211490922329,0.9230769230769231,0.9307875894988067,0.5710754017305315,0.9209364989724614,0.14634146341463414,1.0,0
0.25,0.6497481996154947,0.7323943661971831,0.6621392190152802,0.5311542390194075,0.9229726525729447,0.16260162601626016,1.0,0
0.18181818181818182,0.6313882863410332,0.5909090909090909,0.8176100628930818,0.57439446366782,0.9105434374996204,0.1643192488262911,1.0,0
0.3333333333333333,0.7763474584352105,0.9811320754716981,0.8883826879271071,0.6344993968636912,0.9540617129219239,0.25,1.0,0
0.3,0.7260506018851833,0.8813559322033898,0.7753479125248509,0.6047032474804032,0.9200149469892751,0.19811320754716982,1.0,0
0.3333333333333333,0.8228249911810726,0.7428571428571429,0.7959183673469388,0.6136363636363636,0.947277387164049,0.22279792746113988,1.0,0
0.09090909090909091,0.4452217589294936,0.6341463414634146,0.9153846153846154,0.4846050870147256,0.8966831408003267,0.09405940594059406,1.0,0
0.18181818181818182,0.6405311078193514,0.5652173913043478,0.8057851239669421,0.5949656750572083,0.9200149469892751,0.16289592760180996,1.0,0
0.3,0.7203755100780711,0.6923076923076923,0.967741935483871,0.4489281210592686,0.9338122263017057,0.15865384615384615,1.0,0
0.125,0.6805858832180111,0.45217391304347826,0.48148148148148145,0.4683333333333334,0.8371657923242167,0.15648854961832062,0.5,0
0.2222222222222222,0.7669652979370597,0.49523809523809526,0.7587548638132295,0.5951327433628318,0.9163446118510701,0.19248826291079812,1.0,0
0.2,0.4664510829722311,0.9454545454545454,1.0,0.5358974358974359,0.9311445404222944,0.11940298507462686,1.0,0
0.3,0.777252841181365,0.9811320754716981,0.8158995815899581,0.4354838709677419,0.9200149469892751,0.17535545023696683,1.0,0
0.16666666666666666,0.7744167520718893,0.7222222222222222,0.76171875,0.5676274944567627,0.9219636880547462,0.16355140186915887,1.0,0
0.6666666666666666,0.9759033343590433,0.8666666666666667,0.7617924528301887,0.7764390896921017,1.0000000000000002,0.9090909090909091,1.0,1
0.6666666666666666,0.9819839287149615,0.9836065573770492,0.7708830548926014,0.7816711590296496,1.0000000000000002,0.9,1.0,1
0.6666666666666666,0.9819839287149615,0.9230769230769231,0.7098901098901099,0.7480719794344473,1.0000000000000002,0.9,1.0,1
0.6666666666666666,0.9496625720107552,0.9166666666666666,0.936231884057971,0.9101796407185628,0.9960881495304382,0.8411214953271028,1.0,1
0.6666666666666666,0.8457147231976017,0.8695652173913043,0.6872340425531915,0.7238335435056746,0.9663623699013536,0.6976744186046512,1.0,1
0.6666666666666666,0.9819839287149615,0.6,0.752913752913753,0.7686170212765957,1.0000000000000002,0.9,1.0,1
0.6666666666666666,0.9759033343590433,0.5454545454545454,0.7291196388261851,0.7597911227154047,1.0000000000000002,0.8910891089108911,1.0,1
0.6666666666666666,0.9759033343590433,0.6382978723404256,0.7177777777777777,0.7477360931435963,1.0000000000000002,0.8910891089108911,1.0,1
0.25,0.7078363263710462,0.8666666666666667,0.76,0.7352941176470589,1.0000000000000002,0.4645669291338583,1.0,1
0.25,0.7460108090818146,0.9836065573770492,0.7839805825242718,0.7619047619047619,1.0000000000000002,0.5,1.0,1
0.42857142857142855,0.7889181753340354,0.9230769230769231,0.7177777777777777,0.7529107373868047,1.0000000000000002,0.6324786324786325,1.0,1
0.2222222222222222,0.7654254921113818,0.9,0.9758308157099698,0.8868501529051988,0.9960881495304382,0.34507042253521125,1.0,1
0.1111111111111111,0.6546087290783961,0.8695652173913043,0.7242152466367713,0.6267880364109233,0.9305953598798137,0.14835164835164835,1.0,1
0.42857142857142855,0.7889181753340354,0.6,0.7425287356321839,0.7467018469656992,1.0000000000000002,0.5833333333333334,1.0,1
0.25,0.6831960402031679,0.5357142857142857,0.7098901098901099,0.6786632390745502,0.9645024833333353,0.3448275862068966,1.0,1
0.1111111111111111,0.7078363263710462,0.625,0.7146017699115044,0.7070967741935483,1.0000000000000002,0.25949367088607594,1.0,1
0.25,0.700564093394119,0.9,0.7476851851851852,0.656953642384106,0.9885921018027338,0.3356164383561644,1.0,1
0.25,0.7200798358215383,0.9523809523809523,0.7727272727272727,0.6504723346828609,0.9645024833333353,0.30718954248366015,1.0,1
0.42857142857142855,0.7889181753340354,0.9230769230769231,0.7177777777777777,0.7529107373868047,1.0000000000000002,0.6324786324786325,1.0,1
0.2222222222222222,0.763296859012439,0.9166666666666666,0.9416909620991254,0.7987987987987988,0.9901585283170566,0.2875816993464052,1.0,1
0.1111111111111111,0.6546087290783961,0.8695652173913043,0.7242152466367713,0.6267880364109233,0.9305953598798137,0.14835164835164835,1.0,1
0.42857142857142855,0.7354587917739112,0.594059405940594,0.7177777777777777,0.7192755498059509,0.9958365233971973,0.48091603053435117,1.0,1
0.25,0.6831960402031679,0.5357142857142857,0.7098901098901099,0.6349614395886889,0.9645024833333353,0.29411764705882354,1.0,1
0.1111111111111111,0.6806156022445297,0.6521739130434783,0.7242152466367713,0.6996098829648895,0.9958365233971973,0.2360248447204969,1.0,1
0.2222222222222222,0.6874806832567846,0.9375,0.6498993963782697,0.5024390243902439,0.978503310427238,0.2619047619047619,1.0,1
0.2222222222222222,0.6436709306841611,0.8823529411764706,0.6485943775100401,0.582216808769793,0.9928792833351398,0.3741935483870968,1.0,1
0.375,0.7097721139884764,0.8108108108108109,0.6014897579143389,0.6651162790697674,0.9836152716031166,0.4452054794520548,1.0,1
0.18181818181818182,0.5717996843472958,0.5128205128205128,0.5260586319218241,0.5229455709711847,0.9416992051717825,0.15865384615384615,1.0,1
0.2,0.7428008583420604,0.9836065573770492,0.847769028871391,0.6107954545454546,0.9852961683201881,0.2606060606060606,1.0,1
0.09090909090909091,0.5320676108784184,0.6521739130434783,0.4771048744460857,0.488,0.9330727083012615,0.10775862068965517,1.0,1
0.375,0.6384383900335981,0.5555555555555556,0.6037383177570094,0.6503496503496504,0.9872768585607218,0.35403726708074534,1.0,1
0.2222222222222222,0.6440081704127699,0.5042016806722689,0.6071428571428571,0.5754385964912281,0.9533518992181454,0.22598870056497175,1.0,1
0.09090909090909091,0.655886514663903,0.6122448979591837,0.6757322175732218,0.66916354556804,0.9779391679066614,0.18285714285714286,1.0,1
0.2222222222222222,0.6295384066093893,0.967741935483871,0.6333333333333333,0.47058823529411764,0.9045749242635708,0.14444444444444443,1.0,1
0.2222222222222222,0.6289237700949939,0.967741935483871,0.630859375,0.5365269461077844,0.9778882384154913,0.2754491017964072,1.0,1
0.375,0.6944143707124075,0.8450704225352113,0.5959409594095941,0.6427745664739885,0.9744862551269846,0.35714285714285715,1.0,1
0.18181818181818182,0.5717996843472958,0.5128205128205128,0.5338842975206611,0.49784482758620685,0.9416992051717825,0.12962962962962962,1.0,1
0.2,0.7262826769969252,0.9833333333333333,0.8367875647668394,0.5895627644569816,0.9724934716218843,0.20588235294117646,1.0,1
0.09090909090909091,0.49848393755135145,0.7317073170731707,0.4542897327707454,0.44680851063829785,0.8730795473578266,0.09361702127659574,1.0,1
0.375,0.6243289638513612,0.5504587155963303,0.5778175313059034,0.6167800453514739,0.9707781632937927,0.27976190476190477,1.0,1
0.2222222222222222,0.5867297738978466,0.5128205128205128,0.5666666666666667,0.5128779395296752,0.8784677188525334,0.11702127659574468,1.0,1
0.1111111111111111,0.6831960402031679,0.6451612903225806,0.8177215189873418,0.6657381615598885,0.9626563378948101,0.15384615384615385,1.0,1
0.2,0.6445351658675758,0.8955223880597015,0.5915750915750916,0.4533947065592635,0.8978273445948391,0.14054054054054055,1.0,1
0.2222222222222222,0.6289237700949939,0.967741935483871,0.630859375,0.5365269461077844,0.9778882384154913,0.2694610778443114,1.0,1
0.375,0.6944143707124075,0.8450704225352113,0.5948434622467772,0.6327944572748267,0.9744862551269846,0.31446540880503143,1.0,1
0.09090909090909091,0.4462230918122332,0.5882352941176471,0.5039001560062403,0.4522821576763485,0.8722112323309661,0.1152073732718894,1.0,1
0.2,0.7257809061042322,1.0,0.7916666666666666,0.6976744186046512,0.9681653163543685,0.20224719101123595,1.0,1
0.16666666666666666,0.5970811980234536,0.6593406593406593,0.3929440389294404,0.41397379912663756,0.9126360395593432,0.10040160642570281,0.75,1
0.375,0.6243289638513612,0.5504587155963303,0.5778175313059034,0.6122448979591837,0.9707781632937927,0.281437125748503,1.0,1
0.2222222222222222,0.5867297738978466,0.5128205128205128,0.553082191780822,0.49393605292171994,0.8784677188525334,0.11578947368421053,1.0,1
0.1,0.6164573883832242,0.6185567010309279,0.6383399209486166,0.44390832328106156,0.9387585594592682,0.11386138613861387,1.0,1
0.42857142857142855,0.7735513806094974,0.6741573033707865,0.7307692307692307,0.6562091503267974,0.9596208615938872,0.28104575163398693,1.0,0
0.25,0.7988154518971761,0.6833333333333333,0.9047619047619048,0.6764705882352942,0.9645024833333353,0.35,1.0,0
0.25,0.6831960402031679,0.9230769230769231,0.7258426966292135,0.6302083333333333,0.9645024833333353,0.3081761006289308,1.0,0
0.25,0.7484587800451699,0.6451612903225806,0.8014888337468983,0.6804407713498623,0.9518854668369148,0.22012578616352202,1.0,0
0.25,0.6831960402031679,0.7333333333333333,0.8455497382198953,0.6921985815602837,0.9645024833333353,0.296551724137931,1.0,0
0.25,0.6831960402031679,0.9836065573770492,0.8136020151133502,0.7138888888888889,0.9645024833333353,0.296551724137931,1.0,0
0.2222222222222222,0.7351808802432124,0.95,0.7274774774774775,0.6153846153846154,0.9565978977600391,0.3150684931506849,1.0,0
0.25,0.7565756243093741,0.6521739130434783,0.8455497382198953,0.6921985815602837,0.9593836635060591,0.2535211267605634,1.0,0
0.25,0.6831960402031679,0.6521739130434783,0.8177215189873418,0.7047353760445683,0.9645024833333353,0.26666666666666666,1.0,0
0.25,0.6900198439262359,0.5333333333333333,0.8613333333333333,0.673352435530086,0.9645024833333353,0.375886524822695,1.0,0
0.25,0.6831960402031679,0.9666666666666667,0.8034825870646766,0.6896551724137931,0.9645024833333353,0.3475177304964539,1.0,0
0.25,0.41614216803264115,0.6521739130434783,0.4654178674351585,0.46804326450344147,0.8132763788269343,0.13270142180094788,0.6666666666666666,0
0.25,0.6831960402031679,0.9833333333333333,0.8303341902313625,0.6123595505617978,0.9645024833333353,0.29605263157894735,1.0,0
0.3333333333333333,0.6544579301717613,0.9090909090909091,0.6211538461538462,0.472123368920522,0.9384014543769089,0.164021164021164,1.0,0
0.25,0.6831960402031679,0.9,0.8544973544973545,0.6248216833095578,0.9645024833333353,0.2980132450331126,1.0,0
0.7777777777777778,0.9786101128424953,0.9387755102040817,0.7570532915360502,0.7850133809099019,0.9858748320024395,0.5510204081632653,1.0,1
0.7777777777777778,0.9873470706795292,0.9292929292929293,0.8036605657237936,0.8284132841328413,1.0,0.9245283018867925,1.0,1
0.7777777777777778,0.9873470706795292,0.9019607843137255,0.7488372093023256,0.7978723404255319,0.9936476295503305,0.7016574585635359,1.0,1
0.7777777777777778,0.9744005771754949,0.9108910891089109,0.9937888198757764,0.9491173416407062,1.0,0.8353658536585366,1.0,1
0.7777777777777778,0.929319562143573,0.7931034482758621,0.6152866242038216,0.7066246056782335,0.9828917952847089,0.5592417061611374,1.0,1
0.7777777777777778,0.9873470706795292,0.5644171779141104,0.7351598173515982,0.7859649122807018,0.9858748320024395,0.6178010471204188,1.0,1
0.7777777777777778,0.9831132587233272,0.6524822695035462,0.7594339622641509,0.8025022341376229,0.9858748320024395,0.6113989637305699,1.0,1
0.7777777777777778,0.9831132587233272,0.6433566433566433,0.7582417582417582,0.7982142857142858,0.9858748320024395,0.6178010471204188,1.0,1
0.45454545454545453,0.850698834467298,0.9387755102040817,0.7691082802547771,0.7560756075607561,0.9858748320024395,0.3422222222222222,1.0,1
0.45454545454545453,0.7487374535650704,0.9387755102040817,0.817258883248731,0.8156424581005587,1.0,0.47549019607843135,1.0,1
0.45454545454545453,0.9226618754183414,0.9019607843137255,0.7307110438729199,0.763986013986014,0.9936476295503305,0.4835680751173709,1.0,1
0.5,0.8633418818005947,0.9108910891089109,0.9461697722567288,0.9170212765957447,1.0,0.5668449197860963,1.0,1
0.13333333333333333,0.6410612744792171,0.8,0.5883069427527405,0.6226993865030674,0.9828917952847089,0.19014084507042253,1.0,1
0.6,0.920441430661804,0.5644171779141104,0.7285067873303167,0.7766143106457243,0.9858748320024395,0.5219512195121951,1.0,1
0.3333333333333333,0.6843979667977635,0.6524822695035462,0.7241379310344828,0.7565217391304347,0.9858748320024395,0.2619047619047619,1.0,1
0.13333333333333333,0.5927471872416176,0.6764705882352942,0.688034188034188,0.6953586497890296,0.9858748320024395,0.20149253731343283,1.0,1
0.45454545454545453,0.850698834467298,0.9387755102040817,0.8117647058823529,0.5083487940630798,0.9858748320024395,0.20408163265306123,1.0,1
0.45454545454545453,0.7487374535650704,0.9387755102040817,0.8145025295109612,0.5130111524163569,1.0,0.35,1.0,1
0.45454545454545453,0.9226618754183414,0.9019607843137255,0.7263157894736842,0.5418118466898955,0.9936476295503305,0.4583333333333333,1.0,1
0.5,0.8557989349917983,0.9108910891089109,0.9668737060041408,0.5684210526315789,0.9905868671952549,0.3257918552036199,1.0,1
0.125,0.6092420366711299,0.773109243697479,0.5551724137931034,0.5868440502586845,0.9810424821325546,0.18120805369127516,1.0,1
0.6,0.8768742857520709,0.5609756097560976,0.7144970414201184,0.7506471095772218,0.9853051342787666,0.4444444444444444,1.0,1
0.3333333333333333,0.6843979667977635,0.6524822695035462,0.7230538922155688,0.7211120764552563,0.9858748320024395,0.17164179104477612,1.0,1
0.13333333333333333,0.5789427450526449,0.6865671641791045,0.74079754601227,0.6819383259911894,0.9936476295503305,0.12949640287769784,1.0,1
0.4166666666666667,0.8474645459158009,0.8679245283018868,0.7241379310344828,0.4852173913043478,0.9847846019290684,0.21653543307086615,1.0,1
0.4166666666666667,0.6778545010266995,0.8679245283018868,0.7123893805309734,0.5770887166236003,0.9948649095891164,0.26666666666666666,1.0,1
0.5,0.9218492596867157,0.989247311827957,0.8878676470588235,0.691333982473223,0.9863495508242373,0.3768844221105528,1.0,1
0.38461538461538464,0.6445980608224563,0.6174496644295302,0.613722998729352,0.5291338582677165,0.9669525315268208,0.15384615384615385,1.0,1
0.5,0.810390769873081,0.7863247863247863,0.8878676470588235,0.6368062317429406,0.9754954622738846,0.2821576763485477,0.8,1
0.14285714285714285,0.5751074575880967,0.8846153846153846,0.6699029126213593,0.5581395348837209,0.9733908668121669,0.1821705426356589,1.0,1
0.5,0.7392869949389502,0.5935483870967742,0.8370883882149047,0.649056603773585,0.9765257195173452,0.2897196261682243,1.0,1
0.36363636363636365,0.7302639720359351,0.696969696969697,0.8765880217785844,0.6441005802707931,0.9775935933899985,0.17796610169491525,1.0,1
0.14285714285714285,0.6975286369027939,0.7244094488188977,0.8341968911917098,0.5743879472693032,0.9765257195173452,0.13008130081300814,1.0,1
0.38461538461538464,0.7232479106918224,0.8679245283018868,0.6890156918687589,0.4611486486486487,0.978364531932607,0.15018315018315018,1.0,1
0.4166666666666667,0.6454306843531195,0.9108910891089109,0.6483221476510067,0.5130293159609121,0.96797997628052,0.2028985507246377,1.0,1
0.5,0.9086145747243746,0.9565217391304348,0.8503521126760564,0.6508087535680305,0.9711472557694029,0.3382352941176471,1.0,1
0.4166666666666667,0.6907188092974395,0.6715328467153284,0.6607387140902873,0.46952224052718283,0.9628642655587052,0.14028776978417265,1.0,1
0.5,0.8012583020769525,0.8141592920353983,0.8671454219030521,0.5980769230769231,0.9721795009279838,0.2786885245901639,0.8,1
0.125,0.5962482525166907,0.8214285714285714,0.5433070866141733,0.5597667638483965,0.9679308247637712,0.17845117845117844,1.0,1
0.5,0.7438093075195157,0.5897435897435898,0.8186440677966101,0.646784715750233,0.9724969523949741,0.2764976958525346,1.0,1
0.36363636363636365,0.6037671830186255,0.7022900763358778,0.7752808988764045,0.5334538878842676,0.9019548553582087,0.13524590163934427,1.0,1
0.2,0.627585549923721,0.6388888888888888,0.6607387140902873,0.5683690280065898,0.9774103769545476,0.13028169014084506,1.0,1
0.38461538461538464,0.7232479106918224,0.8598130841121495,0.6841359773371105,0.4524810765349033,0.9791785883016568,0.1412639405204461,1.0,1
0.4166666666666667,0.6100356629057645,0.8932038834951457,0.6305483028720626,0.5028022417934348,0.9692247983237867,0.1888111888111888,1.0,1
0.5,0.9086145747243746,0.967391304347826,0.8256410256410256,0.6404494382022472,0.9716040221692687,0.3382352941176471,1.0,1
0.3076923076923077,0.5782033050596714,0.6388888888888888,0.60375,0.48947778643803586,0.9579056551858458,0.16896551724137931,1.0,1
0.5,0.8012583020769525,0.8214285714285714,0.8518518518518519,0.5676190476190477,0.9737201552358761,0.25390625,0.8,1
0.06666666666666667,0.6246156465179483,0.9019607843137255,0.6067839195979899,0.44253322908522286,0.9711760137571603,0.1258741258741259,1.0,1
0.5,0.7438093075195157,0.575,0.8104026845637584,0.6413345690454124,0.9698425003887222,0.2764976958525346,1.0,1
0.36363636363636365,0.6553768698208193,0.736,0.7654516640253566,0.5080789946140036,0.9117303786156942,0.14102564102564102,1.0,1
0.13333333333333333,0.5258179232924457,0.696969696969697,0.6717663421418637,0.5657237936772046,0.966640002776096,0.10380622837370242,1.0,1
0.6,0.8468265423608715,0.71875,0.7134416543574594,0.7137931034482758,0.982501074915599,0.32894736842105265,1.0,0
0.45454545454545453,0.7145313806750067,0.782608695652174,0.7198211624441133,0.6811091854419411,0.9677835227766245,0.32051282051282054,0.6666666666666666,0
0.36363636363636365,0.5391941767225107,0.8369565217391305,0.8944444444444445,0.5043988269794721,0.9692175126390684,0.12550607287449392,1.0,0
0.45454545454545453,0.8697910619702084,0.6433566433566433,0.7,0.7280477408354646,0.9774166172328145,0.3080168776371308,0.6666666666666666,0
0.2857142857142857,0.6314920357541265,0.8440366972477065,0.5642523364485982,0.585511575802838,0.9722035072295577,0.17845117845117844,0.6666666666666666,0
0.3333333333333333,0.6331085136802149,0.8761904761904762,0.7362804878048781,0.6900790166812993,0.9850023052949665,0.18867924528301888,1.0,0
0.26666666666666666,0.6255585626007595,0.7931034482758621,0.3972039473684211,0.4602707474985286,0.9653110302919581,0.16056338028169015,0.5714285714285714,0
0.45454545454545453,0.7045046760954794,0.7419354838709677,0.7765273311897106,0.523076923076923,0.9764056891269457,0.2139917695473251,1.0,0
0.3333333333333333,0.6886003963400938,0.609271523178808,0.637203166226913,0.652699435938759,0.9679097529488839,0.2,0.6666666666666666,0
0.45454545454545453,0.7310424849723764,0.6304347826086957,0.8488576449912126,0.5,0.984032096997602,0.22540983606557377,1.0,0
0.3333333333333333,0.6924452702351621,0.989247311827957,0.7654516640253566,0.6678635547576302,0.9345631074779072,0.212,0.75,0
0.45454545454545453,0.7449966836385801,0.71875,0.805,0.6980609418282548,0.9509501874649139,0.28270042194092826,0.75,0
0.45454545454545453,0.7944782706787965,0.9239130434782609,0.7957166392092258,0.6972477064220184,0.984032096997602,0.26359832635983266,1.0,0
0.45454545454545453,0.7282546799968188,0.8846153846153846,0.6812411847672779,0.4681208053691275,0.9646837790160385,0.2056451612903226,0.6666666666666666,0
0.45454545454545453,0.7944782706787965,0.9347826086956522,0.805,0.7017543859649122,0.984032096997602,0.2625,1.0,0
